insert into LOOKS_INFO_TB values(1,'bea1','/pic/look_1.bmp');	#http://www.zara.com/kr/ko/sale/woman/아우터/쇼트-보머-재킷-c692722p3556017.html

insert into PRODUCT_INFO_TB values('0264/067','쇼트 보머 재킷',49000,'지퍼로 여미는 보머 재킷. 긴소매. 루즈핏','Top','/pic/0264_067.bmp','겉감:주요소재 - 100% 폴리에스터:디테일 - 98% 폴리에스터, 2% 엘라스탄:안감:100% 폴리에스터','/pic/laundry1.png');

insert into PRODUCT_INFO_TB values('2753/101','레이스업 스니커즈',79000,'크림 컬러 스니커즈. 설포와 뒤꿈치 부분에 풀탭 디테일이 있음. 여러 소재와 디테일이 믹스된 디자인. 레이스업 여밈. 밑창은 화이트로 배색됨.','Acc','/pic/2753_101.bmp','겉감:100% 폴리우레탄:안감:100% 폴리우레탄:밑창:100% 스타이렌 뷰타다이엔 고무:안창:100% 면','/pic/laundry2.png');

insert into PRODUCT_INFO_TB values('7688/999','판타지 스트라이프 포플린 셔츠',59000,'셔츠형 칼라가 달린 셔츠. 가슴에 플랩 포켓이 있음. 옆면과 뒷면에 트임이 있음. 밑단이 언발란스한 디자인. 소매를 접을 수 있도록 스트랩이 달림. 뒷면에 셔링이 잡힘.','Top','/pic/7688_999.bmp','겉감:100% 면','/pic/laundry1.png');

insert into PRODUCT_INFO_TB values('0881/068','루즈핏 롱 스커트',39000,'발목 길이까지 내려오는 스커트. 허리는 신축성있게 마감됨. 테슬이 달린 끈 디테일이 있음. 내부는 안감 처리됨.','Bottom','/pic/0881_068.bmp','겉감:100% 비스코스:안감:100% 폴리에스터','/pic/laundry1.png');

#하하

insert into LOOKS_PRODUCT_TB values(1,'0264/067');
insert into LOOKS_PRODUCT_TB values(1,'2753/101');
insert into LOOKS_PRODUCT_TB values(1,'7688/999');
insert into LOOKS_PRODUCT_TB values(1,'0881/068');

insert into LOOKS_INFO_TB values(2,'bea1','/pic/look_2.bmp');	#http://www.zara.com/kr/ko/sale/woman/아우터/패턴-보머-재킷-c692722p3377519.html

insert into PRODUCT_INFO_TB values('2364/563','패턴 보머 재킷',89000,'힙까지 내려오는 보머 재킷. 라운드넥. 긴소매. 패턴이 있는 패브릭.','Top','/pic/2364_563.bmp','겉감:100% 폴리에스터:안감:100% 폴리에스터','/pic/laundry1.png');

insert into PRODUCT_INFO_TB values('5039/099','스트랩 티셔츠',29000,'짧은 길이의 티셔츠. V넥으로 깊게 파인 스타일. 소매가 없음.','Top','/pic/5039_099.bmp','겉감:92% 폴리아미드, 8% 엘라스탄','/pic/laundry1.png');

insert into PRODUCT_INFO_TB values('1163/151','배기 팬츠',59000,'지퍼로 여미는 보머 재킷. 긴소매. 루즈핏','Bottom','/pic/1163_151.bmp','겉감:100% 면','/pic/laundry3.png');

insert into PRODUCT_INFO_TB values('8133/104','누벅 크로스백',99000,'카멜 컬러의 가죽 가방. 손잡이와 길이 조절이 가능한 어깨끈. 포켓이 달린 안감이 있음. 풀탭이 있는 지퍼로 잠금.','Acc','/pic/8133_104.bmp','겉감:100% 소가죽:안감:100% 폴리에스터','/pic/laundry4.png');

insert into LOOKS_PRODUCT_TB values(2,'2364/563');
insert into LOOKS_PRODUCT_TB values(2,'5039/099');
insert into LOOKS_PRODUCT_TB values(2,'1163/151');
insert into LOOKS_PRODUCT_TB values(2,'8133/104');

insert into LOOKS_INFO_TB values(3,'bea1','/pic/look_3.bmp'); #http://www.zara.com/kr/ko/sale/woman/아우터/이미테이션-레더-점퍼-c692722p3527558.html?ts=1467267005174

insert into PRODUCT_INFO_TB values('3046/023','이미테이션 레더 점퍼',89000,'인조 가죽 점퍼. 지퍼가 있음.','Top','/pic/3046_023.bmp','겉감:기본소재:88% 비스코스,12% 폴리에스터:코팅:100% 폴리우레탄:안감:100% 폴리에스터','/pic/laundry5.png');

insert into PRODUCT_INFO_TB values('2680/101','하이힐 케이지 샌들',79000,'여러 컬러가 믹스된 하이힐 샌들. 발목에서 버클로 여밈.','Acc','/pic/2680_101.bmp','겉감:100% 폴리에스터:안감:100% 폴리우레탄:밑창:100% TPU:안창:80% 폴리우레탄, 20% 폴리에스터','/pic/laundry2.png');

insert into PRODUCT_INFO_TB values('5644/114','스트라이프 쇼트 점프수트',35000,'짧은 길이의 스트라이프 패턴 점프수트. V넥으로 깊게 파인 스타일. 뒷면이 오픈된 디자인. 가느다란 어깨끈이 달림.','Dress','/pic/5644_114.bmp','겉감:100% 폴리에스터:안감:100% 폴리에스터','/pic/laundry6.png');

insert into PRODUCT_INFO_TB values('4133/104','체인 스터드 크로스백',59000,'금속 스터드가 달린 크로스백. 다양한 색상이 준비되어 있음. 골드 톤의 금속 장식이 있음. 폼폼 디테일이 있는 체인 숄더 스트랩이 달림. 내부에 포켓이 있음. 덮개에 있는 금속 장식으로 잠금.','Acc','/pic/4133_104.bmp','겉감:주요소재:100% 폴리에스터:부수소재:100% 폴리우레탄:안감:100% 폴리에스터','/pic/laundry4.png');

insert into LOOKS_PRODUCT_TB values(3,'3046/023');
insert into LOOKS_PRODUCT_TB values(3,'2680/101');
insert into LOOKS_PRODUCT_TB values(3,'5644/114');
insert into LOOKS_PRODUCT_TB values(3,'4133/104');

insert into LOOKS_INFO_TB values(4,'bea1','/pic/look_4.bmp'); #http://www.zara.com/kr/ko/sale/woman/아우터/크레이프-블레이저-c692722p3548016.html?ts=1467269151880

insert into PRODUCT_INFO_TB values('2161/257','크레이프 블레이저',99000,'이중으로 라펠이 달린 블레이저. 파이핑 처리된 앞면 포켓 디테일. 소매에 스냅 버튼으로 여미는 트임이 있음. 앞면에서 스냅 버튼으로 여밈.','Top','/pic/2161_257.bmp','겉감:100% 폴리에스터:안감:주요 안감:100% 비스코스:소매 안감:95% 폴리에스터,5% 엘라스탄','/pic/laundry7.png');

insert into PRODUCT_INFO_TB values('1165/060','프릴 티셔츠',25000,'어깨끈이 달린 티셔츠. 증앙에 프릴 디테일이 있음. 소매가 없는 라운드넥.','Top','/pic/1165_060.bmp','겉감:50% 면, 50% 린넨','/pic/laundry6.png');

insert into PRODUCT_INFO_TB values('2658/101','플랫폼힐 샌들',79000,'옐로우 컬러의 하이힐 샌들. 스트랩이 교차된 디자인. 발목에서 스트랩 버클로 잠금. 청키 플랫폼힐.','Acc','/pic/2658_101.bmp','겉감:100% 폴리우레탄:안감:100% 폴리우레탄:밑창:100% 에틸렌 비닐 아세테이트:안창:100% 폴리우레탄','/pic/laundry2.png');

insert into PRODUCT_INFO_TB values('6726/913','크롭트 데님 팬츠',39000,'9부 길이의 데님 팬츠. 하이 웨이스트. 앞면과 뒷면에 포켓이 있음','Bottom','/pic/6726_913.bmp','겉감:98% 면, 2% 엘라스탄','/pic/laundry8.png');

insert into LOOKS_PRODUCT_TB values(4,'2161/257');
insert into LOOKS_PRODUCT_TB values(4,'1165/060');
insert into LOOKS_PRODUCT_TB values(4,'2658/101');
insert into LOOKS_PRODUCT_TB values(4,'6726/913');

insert into LOOKS_INFO_TB values(5,'bea1','/pic/look_5.bmp');

insert into PRODUCT_INFO_TB values('8011/215','데님 오버롤',89000,'데님 오버롤. 빈티지 로우 진.','Dress','/pic/8011_215.bmp','겉감:100% 면','/pic/laundry8.png');

insert into PRODUCT_INFO_TB values('2180/117','스트라이프 탑',49000,'스트라이프 패턴 탑. 반소매.','Top','/pic/2180_117.bmp','겉감:주요소재:95% 폴리에스터,5% 엘라스탄:디테일:100% 면','/pic/laundry9.png');

insert into PRODUCT_INFO_TB values('2021/117','미드 라이즈 스트라이프 팬츠',59000,'스트라이프 팬츠. 미드 라이즈. 사선 포켓.','Bottom','/pic/2021_117.bmp','겉감:95% 폴리에스터, 5% 엘라스탄','/pic/laundry9.png');

insert into PRODUCT_INFO_TB values('7705/101','매쉬 엘라스틱 스니커즈',39000,'굽 높이: 3.0cm','Acc','/pic/7705_101.bmp','겉감:70% 폴리에스터, 30% 폴리우레탄:안감:100% 면:밑창:100% 고무:안창:100% 폴리우레탄','/pic/laundry2.png');

insert into LOOKS_PRODUCT_TB values(5,'8011/215');
insert into LOOKS_PRODUCT_TB values(5,'2180/117');
insert into LOOKS_PRODUCT_TB values(5,'2021/117');
insert into LOOKS_PRODUCT_TB values(5,'7705/101');

insert into LOOKS_INFO_TB values(6,'bea1','/pic/look_6.bmp');

insert into PRODUCT_INFO_TB values('4174/007','베이직 앤 스트라이프 콤비 크롭트 탑',8000,'짧은 길이의 탑. 라운드넥. 소매가 없음.','Top','/pic/4174_007.bmp','겉감:97% 면, 3% 엘라스탄','/pic/laundry9.png');

insert into PRODUCT_INFO_TB values('8803/104','메탈릭 클로징 백팩',39000,'세로 x 가로 x 폭: 34 x 26 x 17cm','Acc','/pic/8803_104.bmp','겉감:100% 폴리우레탄:안감:100% 폴리에스터','/pic/laundry4.png');

insert into PRODUCT_INFO_TB values('5804/101','주트 디테일 도르세이 슈즈',59000,'누드 컬러의 플랫 샌들. 꼬인 주트 효과를 준 밴드 디테일. 화이트로 배색된 그립솔. 굽 높이:1.6cm','Acc','/pic/5804_101.bmp','겉감\n50% 폴리우레탄, 50% 염소가죽\n안감\n60% 폴리우레탄, 40% 폴리에스터\n밑창\n100% TPU\n안창\n85% 염소가죽, 15% 폴리에스터','/pic/laundry2.png');

insert into PRODUCT_INFO_TB values('7901/005','베이직 조깅 팬츠',35000,'긴 길이의 조깅 팬츠. 하이 웨이스트. 옆면에 띠 디테일이 있음.','Bottom','/pic/7901_005.bmp','겉감:55% 면, 45% 린넨','/pic/laundry10.png');

insert into LOOKS_PRODUCT_TB values(6,'4174/007');
insert into LOOKS_PRODUCT_TB values(6,'8803/104');
insert into LOOKS_PRODUCT_TB values(6,'5804/101');
insert into LOOKS_PRODUCT_TB values(6,'7901/005');