insert into LOOKS_INFO_TB values (13,'bea3','/pic/look_13.bmp');
#http://www.zara.com/kr/ko/woman/%EC%98%A4%ED%94%BC%EC%8A%A4%EB%A3%A9/%EB%A6%B4%EB%A0%89%EC%8A%A4%ED%95%8F-%ED%81%AC%EB%A0%88%EC%9D%B4%ED%94%84-%ED%8C%AC%EC%B8%A0-c689010p3649667.html

insert into PRODUCT_INFO_TB values ('7901/249','릴렉스핏 크레이프 팬츠',49000,'릴렉스핏으로 이중 크레이프 처리된 팬츠. 여미는 부분이 보이지 않게 처리됨. 옆면에 포켓이 있음. 뒷면에 포켓이 있음.
','Bottom','/pic/7901_249.bmp','겉감\n72% 폴리에스터, 21% 비스코스, 7% 엘라스탄\n안감\n100% 폴리에스터','/pic/laundry14.png');
insert into LOOKS_PRODUCT_TB values (13,'7901/249');

insert into PRODUCT_INFO_TB values ('7673/691','더블 크레이프 블레이저',79000,'더블 블레이저. 옆면에 페이크 포켓이 있음. 1개의 버튼으로 여밈.','Top','/pic/7673_691.bmp','겉감\n72% 폴리에스터, 21% 비스코스, 7% 엘라스탄\n안감\n몸통 안감\n100% 아세테이트\n소매 안감\n100% 폴리에스터','/pic/laundry15.png');
insert into LOOKS_PRODUCT_TB values (13,'7673/691');

insert into PRODUCT_INFO_TB values ('2655/106','리본 스웨터',45000,'보트넥 스웨터. 트임이 있는 소매에 리본이 달림.','Top','/pic/2655_106.bmp','겉감\n68% 아크릴, 30% 폴리에스터, 2% 엘라스탄','/pic/laundry10.png');
insert into LOOKS_PRODUCT_TB values (13,'2655/106');

insert into PRODUCT_INFO_TB values ('6144/101','라미네이티드 힐 레더 앵클부츠',129000,'하이힐 가죽 앵클부츠. 굽 부분은 골드 톤의 둥근 형태로 마무리됨. 발목 부분이 언발란스한 디자인. 뒤꿈치에서 지퍼로 잠금. 청키 힐. 
굽 높이: 7.5cm','Acc','/pic/6144_101.bmp','겉감\n100% 소가죽\n안감\n80% 폴리우레탄, 20% 폴리에스터\n밑창\n100% 고무\n안창\n100% 염소가죽','/pic/laundry2.png');
insert into LOOKS_PRODUCT_TB values (13,'6144/101');



insert into LOOKS_INFO_TB values(14,'bea3','/pic/look_14.bmp');
#http://www.zara.com/kr/ko/woman/denim-animal/%ED%8E%98%EC%9D%B4%ED%81%AC-%EB%A0%88%EB%8D%94-%EB%A1%B1-%EC%9E%AC%ED%82%B7-c591001p3648657.html

insert into PRODUCT_INFO_TB values ('3046/227','페이크 레더 롱 재킷',99000,'가죽 느낌의 소재로 제조된 긴 재킷. 지퍼로 잠그는 포켓이 있음. 벨트를 두른 하단. 지퍼가 달린 커프스.','Top','/pic/3046_227.bmp','겉감\n기본소재\n88% 비스코스,12% 폴리에스터\n코팅\n100% 폴리우레탄\n안감\n100% 폴리에스터','/pic/laundry5.png');
insert into LOOKS_PRODUCT_TB values (14,'3046/227');


insert into PRODUCT_INFO_TB values ('7779/349','튜브 원피스',59000,'짧은 길이의 펜슬 라인 원피스. 소매가 없음. 스탠드 칼라. 등 부분이 트임.','Dress','/pic/7779_349.bmp','겉감\n64% 폴리에스터, 32% 비스코스, 4% 엘라스탄\n안감\n100% 폴리에스터','/pic/laundry1.png');
insert into LOOKS_PRODUCT_TB values (14,'7779/349');

insert into PRODUCT_INFO_TB values ('5104/101','엠보스드 레더 힐 앵클부츠',159000,'블랙 컬러의 가죽 앵클부츠. 뱀피 패턴이 엠보싱 처리됨. 앞코 부분은 포인티드로 마감됨. 발목 안쪽 부분에서 지퍼로 잠금. 
굽 높이: 5cm','Acc','/pic/5104_101.bmp','겉감\n100% 염소가죽\n안감\n100% TPU\n밑창\n100% 열가소성 고무\n안창\n100% 염소가죽','/pic/laundry2.png');
insert into LOOKS_PRODUCT_TB values (14,'5104/101');

insert into PRODUCT_INFO_TB values ('4067/304','체인 시티백',179000,'엠보싱 처리된 블랙 백. 체인 디테일. 실버 톤의 금속 장식. 핏 조절이 가능한 숄더 스트랩. 포켓이 달린 안감이 있음.
세로 x 가로 x 폭: 19 x 30 x 10cm','Acc','/pic/4067_304.bmp','겉감\n가방 손잡이\n100% 철\n주소재\n100% 폴리우레탄\n부수소재\n100% 소가죽\n안감\n100% 폴리에스터','/pic/laundry4.png');
insert into LOOKS_PRODUCT_TB values (14,'4067/304');




insert into LOOKS_INFO_TB values(15,'bea3','/pic/look_15.bmp');
#http://www.zara.com/kr/ko/woman/free-bird/%EB%8F%84%ED%8B%B0%EB%93%9C-%EC%8A%A4%EC%9C%84%EC%8A%A4-%EC%9B%90%ED%94%BC%EC%8A%A4-c450502p3649543.html

insert into PRODUCT_INFO_TB values ('7521/224','도티드 스위스 원피스',59000,'짧은 길이의 도티드 스위스 원피스. 볼륨감 있는 시스루 슬리브. 뒷면 버튼 여밈.','Dress','/pic/7521_224.bmp','겉감\n100% 폴리에스터\n안감\n100% 폴리에스터','/pic/laundry16.png');
insert into LOOKS_PRODUCT_TB values (15,'7521/224');

insert into PRODUCT_INFO_TB values ('6318/223','페이크 스웨이드 재킷',99000,'인조 스웨이드 재킷. 지퍼로 여미는 포켓이 있음. 벨트를 두른 하단. 지퍼가 달린 커프스.','Top','/pic/6318_223.bmp','겉감\n100% 폴리에스터\n안감\n96% 폴리에스터, 4% 엘라스탄','/pic/laundry15.png');
insert into LOOKS_PRODUCT_TB values (15,'6318/223');

insert into LOOKS_PRODUCT_TB values (15,'5104/101');

insert into PRODUCT_INFO_TB values ('8006/104','콤비 레더 버킷백',129000,'높이 x 넓이 x 깊이: 34 x 24 x 16 cm.','Acc','/pic/8006_104.bmp','겉감\n100% 소가죽','/pic/laundry4.png');
insert into LOOKS_PRODUCT_TB values (15,'8006/104');



insert into LOOKS_INFO_TB values(16,'bea3','/pic/look_16.bmp');
#http://www.zara.com/kr/ko/woman/free-bird/3-4-%EC%8A%AC%EB%A6%AC%EB%B8%8C-%ED%94%84%EB%A6%B4-%EB%B8%94%EB%9D%BC%EC%9A%B0%EC%8A%A4-c450502p3702030.html

insert into PRODUCT_INFO_TB values ('9878/152','3/4 슬리브 프릴 블라우스',49000,'짧은 길이의 시스루 루즈핏 블라우스. 하이넥. 프릴이 있음. 뒷면에서 여밈.','Top','/pic/9878_152.bmp','겉감\n100% 폴리에스터','/pic/laundry3.png');
insert into LOOKS_PRODUCT_TB values (16,'9878/152');

insert into PRODUCT_INFO_TB values ('8228/227','롤업 미드 라이즈 스키니핏 진',59000,'키니 라인의 미드 라이즈 진. 포켓이 5개 있음. 밑단이 셀비지 유형으로 재봉되어 접힌 디자인.','Bottom','/pic/8228_227.bmp','겉감\n98% 면, 2% 엘라스탄','/pic/laundry9.png');
insert into LOOKS_PRODUCT_TB values (16,'8228/227');

insert into LOOKS_PRODUCT_TB values (16,'5104/101');





insert into LOOKS_INFO_TB values(17,'bea3','/pic/look_17.bmp');
#http://www.zara.com/kr/ko/woman/%EC%9D%B4%EB%B2%88-%EC%A3%BC-%EC%8B%A0%EC%83%81%ED%92%88/%ED%81%AC%EB%A1%AD%ED%8A%B8-%EC%A0%90%ED%94%84%EC%88%98%ED%8A%B8-c840002p3746028.html

insert into PRODUCT_INFO_TB values ('0264/223','크롭트 점프수트',49000,' ','Dress','/pic/0264_223.bmp','겉감\n상단\n97% 폴리에스터, 3% 엘라스탄\n하단\n100% 비스코스','/pic/laundry1.png');
insert into LOOKS_PRODUCT_TB values (17,'0264/223');


insert into LOOKS_PRODUCT_TB values (17,'5104/101');

insert into PRODUCT_INFO_TB values ('8005/104','엠보스드 버킷백',79000,'블랙 컬러 버킷백 스타일의 가방. 애니멀 패턴으로 엠보싱 처리된 디자인. 내부에 수납공간이 3개 있음. 가운데 수납 공간은 지퍼로 잠금. 자석으로 잠금. 손잡이와 탈부착이 가능한 어깨끈. 
세로 x 가로 x 폭: 29 x 24 x 19cm','Acc','/pic/8005_104.bmp','겉감\n100% 폴리우레탄\n안감\n100% 폴리에스터','/pic/laundry4.png');
insert into LOOKS_PRODUCT_TB values (17,'8005/104');





insert into LOOKS_INFO_TB values(18,'bea3','/pic/look_18.bmp');
#http://www.zara.com/kr/ko/woman/free-bird/%EB%B3%BC%EB%A5%A8-%EB%B8%94%EB%9D%BC%EC%9A%B0%EC%8A%A4-c450502p3649534.html

insert into PRODUCT_INFO_TB values ('7200/221','볼륨 블라우스',49000,'라운드넥 블라우스. 긴소매. 커프스와 네크라인에 디테일이 있음. 뒷면에서 여밈.','Top','/pic/7200_221.bmp','겉감\n100% 폴리에스터','/pic/laundry9.png');
insert into LOOKS_PRODUCT_TB values (18,'7200/221');

insert into PRODUCT_INFO_TB values ('3564/220','하이웨이스트 캐롯핏 팬츠',59000,'하이 웨이스트 팬츠. 벨트 고리. 앞면에 플리츠 주름이 있음. 옆면에 포켓이 있음. ','Bottom','/pic/3564_220.bmp','겉감\n64% 비스코스, 36% 폴리에스터','/pic/laundry3.png');
insert into LOOKS_PRODUCT_TB values (18,'3564/220');

insert into LOOKS_PRODUCT_TB values (18,'5104/101');

insert into LOOKS_PRODUCT_TB values (18,'4067/304');





