insert into LOOKS_INFO_TB values (7,'bea2','/pic/look_7.bmp');
#http://www.zara.com/kr/ko/sale/woman/%EC%95%84%EC%9A%B0%ED%84%B0/%EB%A1%B1-%ED%8A%B8%EB%A0%8C%EC%B9%98-%EC%BD%94%ED%8A%B8-c692722p3184997.html?ts=1467263832599
insert into PRODUCT_INFO_TB values ('4099/104','태슬 디테일 레더 토트백',129000,'큰 사이즈의 블랙 컬러 가죽 백. 하드백 스타일. 우븐 스트립 디테일과 태슬 가방고리 디테일. 숄더 스트랩이 있음. 메탈 장식으로 여미는 탈부착이 가능한 내부 클러치. 자석 여밈. 
세로 x 가로 x 폭: 29 x 36 x 14cm','Acc','/pic/4099_104.bmp');
insert into LOOKS_PRODUCT_TB values (7,'4099/104');

insert into PRODUCT_INFO_TB values ('2761/240','롱 트렌치 코트',159000,'긴 길이의 트렌치 코트','Top','/pic/2761_240.bmp');
insert into LOOKS_PRODUCT_TB values (7,'2761/240');

insert into PRODUCT_INFO_TB values ('1220/101','슬링백 레더 슈즈',119000,'가죽 소재의 미디엄 힐 슬링백 슈즈. 화이트 컬러. 나무 소재처럼 마감된 밑창. 포인티드 라인의 토우캡. 
굽 높이: 5cm','Acc','/pic/1220_101.bmp');
insert into LOOKS_PRODUCT_TB values (7,'1220/101');

insert into PRODUCT_INFO_TB values ('6840/257','하이 라이즈 플레어드 진',80100,'하이 라이즈 나팔 모양 바지.','Bottom','/pic/6840_257.bmp');
insert into LOOKS_PRODUCT_TB values (7,'6840/257');




insert into LOOKS_INFO_TB values (8,'bea2','/pic/look_8.bmp');
#http://www.zara.com/kr/ko/fw16-%EC%BB%AC%EB%A0%89%EC%85%98/woman/%EB%B8%94%EB%9D%BC%EC%9A%B0%EC%8A%A4-%7C-%EC%85%94%EC%B8%A0/%EB%AA%A8%EB%91%90-%EB%B3%B4%EA%B8%B0/%EC%98%A4%ED%94%84-%EC%88%84%EB%8D%94-%ED%8F%AC%ED%94%8C%EB%A6%B0-%ED%8A%9C%EB%8B%89-c733890p3648218.html

insert into PRODUCT_INFO_TB values ('3440/244','오프 숄더 포플린 튜닉', 59000,'짧은 길이의 원피스. 어깨를 드러내는 디자인. 어깨와 커프스가 신축성있게 마감되고 셔링 처리됨.','Dress','/pic/3440_244.bmp');
insert into LOOKS_PRODUCT_TB values (8,'3440/244');


insert into PRODUCT_INFO_TB values ('6552/101','라미네이티드 스트랩 도르세이 슈즈',39000,'메탈릭한 느낌으로 마감된 플랫 슈즈.
굽 높이: 1.0cm','Acc','/pic/6552_101.bmp');
insert into LOOKS_PRODUCT_TB values (8,'6552/101');

insert into PRODUCT_INFO_TB values ('4318/104','콘트라스팅 토트백',39000,'쇼퍼백 유형의 가방. 어깨끈이 있음. 탈부착 가능한 내부 포켓. 다양한 색상이 구비되어 있어 선택 구매가 가능함.
세로 x 가로 x 폭: 30 x 42 x 17cm','Acc','/pic/4318_104.bmp');
insert into LOOKS_PRODUCT_TB values (8,'4318/104');




insert into LOOKS_INFO_TB values (9,'bea2','/pic/look_9.bmp');
#http://www.zara.com/kr/ko/fw16-%EC%BB%AC%EB%A0%89%EC%85%98/woman/%EB%B8%94%EB%9D%BC%EC%9A%B0%EC%8A%A4-%7C-%EC%85%94%EC%B8%A0/%EB%B8%94%EB%9D%BC%EC%9A%B0%EC%8A%A4/%EB%B3%B4%ED%8A%B8%EB%84%A5-%EB%B8%94%EB%9D%BC%EC%9A%B0%EC%8A%A4-c763513p3649614.html

insert into PRODUCT_INFO_TB values ('9479/052','보트넥 블라우스',59000,'루즈핏 블라우스. 3/4 길이의 소매. 보트넥. 언밸런스한 밑단. 옆면에 트임이 있음.','Top','/pic/9479_052.bmp');
insert into LOOKS_PRODUCT_TB values (9,'9479/052');

insert into PRODUCT_INFO_TB values ('5862/055','미드 라이즈 부츠컷 크롭트 진',49000,'9부 길이의 부츠컷 진. 미드 라이즈. 밑단 올이 풀린 듯이 처리됨.','Bottom','/pic/5862_055.bmp');
insert into LOOKS_PRODUCT_TB values (9,'5862/055');

insert into PRODUCT_INFO_TB values ('5206/101','파이톤 프린트 미디엄 힐 펌프스',69000,'여러 컬러가 매치된 미디엄 힐 슈즈. 전체 라인은 뱀피 패턴으로 마감됨. 그라데이션 효과의 미디엄 힐. 
굽 높이: 6cm','Acc','/pic/5206_101.bmp');
insert into LOOKS_PRODUCT_TB values (9,'5206/101');

insert into PRODUCT_INFO_TB values ('8126/104','퀼티드 레더 크로스백',59000,'퀼팅 처리된 그레이 컬러의 가죽 크로스백. 여러 체인으로 된 어깨끈. 포켓이 달린 안감이 있음. 자석으로 잠금. 펠파 처리가 된 이유로 스웨이드나 스플릿 레더와 같은 가죽은 옷에 자국을 남길 수도 있습니다. 
세로 x 가로 x 폭: 12 x 17 x 4cm','Acc','/pic/8126_104.bmp');
insert into LOOKS_PRODUCT_TB values (9,'8126/104');



insert into LOOKS_INFO_TB values (10,'bea2','/pic/look_10.bmp');
#http://www.zara.com/kr/ko/fw16-%EC%BB%AC%EB%A0%89%EC%85%98/woman/%ED%8B%B0%EC%85%94%EC%B8%A0/%EB%AA%A8%EB%91%90-%EB%B3%B4%EA%B8%B0/%EC%98%A4%EA%B0%80%EB%8B%89-%EC%BD%94%ED%8A%BC-%ED%8B%B0%EC%85%94%EC%B8%A0-c733912p3643726.html


insert into PRODUCT_INFO_TB values ('4424/021','오가닉 코튼 티셔츠',12000,'유기농 면 티셔츠. 반소매. V넥. Care for fiber: 100% 유기농 면.','Top','/pic/4424_021.bmp');
insert into LOOKS_PRODUCT_TB values (10,'4424/021');


insert into PRODUCT_INFO_TB values ('2752/743','프레이드 헴라인 쇼츠',59000,'허리 부분에 솔기가 있는 쇼츠. 올이 풀린 듯이 처리되고 옆면에서 지퍼로 여밈.','Bottom','/pic/2752_743.bmp');
insert into LOOKS_PRODUCT_TB values (10,'2752/743');


insert into PRODUCT_INFO_TB values ('6428/101','리본 레더 도르세이 슈즈',89000,'뒤꿈치가 없는 가죽 플랫슈즈. 블랙 컬러. 발등 부분에 리본 디테일이 있음. 포인티드 라인의 토우캡. 
굽 높이: 1.0cm','Acc','/pic/6428_101.bmp');
insert into LOOKS_PRODUCT_TB values (10,'6428/101');

insert into PRODUCT_INFO_TB values ('4267/104','비닐 미니 시티백',59000,'블랙 미니 백. 여러 소재가 매치됨. 골드 톤의 금속장식이 있음. 손잡이와 길이 조절 및 탈부착이 가능한 숄더 스트랩. 클래스프로 잠금. 
세로 x 가로 x 폭: 16 x 21 x 11cm','Acc','/pic/4267_104.bmp');
insert into LOOKS_PRODUCT_TB values (10,'4267/104');




insert into LOOKS_INFO_TB values (11,'bea2','/pic/look_11.bmp');
#http://www.zara.com/kr/ko/fw16-%EC%BB%AC%EB%A0%89%EC%85%98/woman/%EB%B8%94%EB%9D%BC%EC%9A%B0%EC%8A%A4-%7C-%EC%85%94%EC%B8%A0/%EB%B8%94%EB%9D%BC%EC%9A%B0%EC%8A%A4/%EC%98%A4%ED%94%84-%EC%88%84%EB%8D%94-%ED%83%91-c763513p3645902.html


insert into PRODUCT_INFO_TB values ('7545/699','오프 숄더 탑',39000,'플리츠 주름이 잡힌 탑. 소매에 프릴이 달림. 프릴이 달린 소매와 밑단. 같은 톤 안감.','Top','/pic/7545_699.bmp');
insert into LOOKS_PRODUCT_TB values (11,'7545/699');

insert into PRODUCT_INFO_TB values ('7901/221','메탈릭 얀 원피스',59000,'가느다란 어깨끈이 달린 원피스. 솔기 처리된 허리 부분은 고무 소재로 마감됨. 미디 길이. 같은 톤 안감.','Dress','/pic/7901_221.bmp');
insert into LOOKS_PRODUCT_TB values (11,'7901/221');

insert into LOOKS_PRODUCT_TB values (11,'6552/101');



insert into LOOKS_INFO_TB values (12,'bea2','/pic/look_12.bmp');
#http://www.zara.com/kr/ko/fw16-%EC%BB%AC%EB%A0%89%EC%85%98/woman/%EC%9B%90%ED%94%BC%EC%8A%A4/%EC%8A%A4%ED%8A%B8%EB%9D%BC%EC%9D%B4%ED%94%84-%EC%9B%90%ED%94%BC%EC%8A%A4-c269185p3645134.html

insert into PRODUCT_INFO_TB values ('6771/100','스트라이프 원피스',99000,'V넥으로 깊게 파인 스타일의 원피스. 가슴 아래 부분이 신축성 있게 솔기 처리됨. 메탈릭한 섬유의 소재.','Dress','/pic/6771_100.bmp');
insert into LOOKS_PRODUCT_TB values (12,'6771/100');


insert into PRODUCT_INFO_TB values ('6434/101','엠보스드 슬링백 슈즈',39000,'다양한 컬러로 구매 가능한 플랫 슈즈. 뱀피 패턴의 엠보싱 디테일이 있음. 뒤꿈치 부분에 스트랩이 있음.','Acc','/pic/6434_101.bmp');
insert into LOOKS_PRODUCT_TB values (12,'6434/101');

insert into LOOKS_PRODUCT_TB values (12,'4318/104');